Profit,Benchmark_Profit,Profit_Percent,Benchmark_Profit_Percent,Model_Reward,Overall_Reward
17425.946099683886,8462291.65873415,174.25946099683887,846.229165873415,-0.001840436715803399,-2.911420404504465
