Profit,Benchmark_Profit,Profit_Percent,Benchmark_Profit_Percent,Model_Reward,Overall_Reward
126452.01981922158,14122668.486058576,1264.5201981922157,1412.2668486058576,-0.0019216850436352775,-10.537578770632122
